{
    "loss": 0.8455237746238708,
    "accuracy": 0.931034505367279
}
